parNome,parValor,parManual
x1,652.557,650.00
x2,-0.0452093,-0.0452093
x3,143.203210,120.00
x4,17.6408,10.00
x5,0.452648,0.452648
