parNome,parValor,parManual
x1,75.9357,115
x2,0.0256440,-2.5
x3,423.958,150
x4,5.10130,4
x5,0.646925,0.3
