parNome,parValor,parManual
x1,492.890,320
x2,0.102010,0.05
x3,105.438,200
x4,7.29009,5.754
x5,0.219822,0.50
