parNome,parValor,parManual
x1,708.452,300
x2,-0.0125085,-0.01
x3,207.446,200
x4,16.5099,8
x5,0.378142,0.8
