parNome,parValor,parManual
x1,1059.83,472.275
x2,0.178843,-0.59108
x3,154.152,249.239
x4,29.9348,5.754
x5,0.177802,0.340674
