Parametros,Par_NSE
cmax,1500.8623399235992
bexp,1.1739462010118134
alpha,0.45087675643815883
ks,0.02206106430565034
kq,0.3372286104888475
