Parametros,Par_NSE
cmax,817.2616198502252
bexp,0.5175502632002875
alpha,0.2792272190406128
ks,0.03300779430351766
kq,0.5411114898950862
