Parametros,Par_NSE
RMAX,17.586971970491838
Io,167.09754883717702
fIb,0.002152569320865101
H,0.9485059515851673
alfa,0.011167038170208986
Ksup,198.40080930827725
Ksub,998.9534226785477
Aimp,0.0037414537817641548
NH,3.656424356302235
