Parametros,Par_NSE
RMAX,19.839475834205594
Io,76.26939253373475
fIb,0.012196799251237993
H,0.9238840016758664
alfa,0.03995711683287072
Ksup,47.71655091215219
Ksub,999.6098412643636
Aimp,0.0006983636256411695
NH,99.92894003944961
