Parametros,Par_NSE
cmax,964.9006806637825
bexp,0.4050972060554166
alpha,0.25609094768785845
ks,0.015855897361505084
kq,0.5784908993152066
