Parametros,Par_NSE
cmax,1057.4341916370815
bexp,1.491500134374008
alpha,0.4036830377199548
ks,0.01909863113697763
kq,0.3318589202907519
