Parametros,Par_NSE
cmax,651.0883782777976
bexp,0.8261981048802365
alpha,0.31153409435526014
ks,0.036428604231281775
kq,0.46605334786309777
