Parametros,Par_NSE
cmax,885.6964846139597
bexp,1.413460435335688
alpha,0.3756084105277968
ks,0.01856000561352071
kq,0.316503680823222
