Parametros,Par_NSE
cmax,1794.863128639963
bexp,0.905709233641116
alpha,0.3250314238393144
ks,0.023653663246701123
kq,0.5124258701596097
