Parametros,Par_NSE
cmax,1308.8164639307827
bexp,1.3397367861646843
alpha,0.5604400034339208
ks,0.017786864002338545
kq,0.22823104490670884
